<?xml version="1.0" encoding="UTF-8" standalone="no"?>
<feature id="org.wso2.ues" label="WSO2 Carbon - UES feature" provider-name="%providerName" version="1.0.0">
  <description>WSO2 User Engagement Server</description>
  <copyright>%copyright</copyright>
  <license url="%licenseURL">%license</license>
  <plugin id="org.wso2.ues.admin.styles" unpack="false" version="1.0.0"/>
  <plugin id="org.wso2.carbon.hostobjects.sso" unpack="false" version="1.0.1"/>
  <plugin id="slf4j" unpack="false" version="1.5.10.wso2v1"/>
</feature>
