<?xml version="1.0" encoding="UTF-8"?>
<deploy xmlns="http://www.apache.org/ode/schemas/dd/2007/03" xmlns:subscriptions="http://org.wso2.carbon/applications/" 
xmlns:workflow.publishapplication.apimgt.carbon.wso2.org="http://workflow.publishapplication.apimgt.carbon.wso2.org"
xmlns:applications="http://org.wso2.carbon/applications/"
xmlns:callback.workflow.apimgt.carbon.wso2.org="http://callback.workflow.apimgt.carbon.wso2.org"
xmlns:b4p="http://docs.oasis-open.org/ns/bpel4people/bpel4people/200803">
  <process name="workflow.publishapplication.apimgt.carbon.wso2.org:PublishAppApprovalWorkFlowProcess">
    <active>true</active>
    <retired>false</retired>
    <process-events generate="all"/>
    <provide partnerLink="client">
      <service name="workflow.publishapplication.apimgt.carbon.wso2.org:PublishAppApprovalWorkFlowProcess" port="PublishAppApprovalWorkFlowProcessPort">
     </service>
    </provide>
    <provide partnerLink="AAPL" correlationFilter="b4p:b4pFilter">
      <service name="applications:PublishAppServiceCB" port="PublishAppPortCB"/>
    </provide>
    <invoke partnerLink="AAPL">
      <service name="applications:PublishAppService" port="PublishAppPort">
      <endpoint xmlns="http://wso2.org/bps/bpel/endpoint/config" endpointReference="./../../../../repository/conf/epr/PublishApplicationService.epr"></endpoint>
</service>
    </invoke>
    <invoke partnerLink="CBPL">
      <service name="callback.workflow.apimgt.carbon.wso2.org:WorkflowCallbackService" port="WorkflowCallbackServiceHttpsSoap11Endpoint">
      <endpoint xmlns="http://wso2.org/bps/bpel/endpoint/config" endpointReference="./../../../../repository/conf/epr/PublishAPPCallbackService.epr"></endpoint>
      </service>
    </invoke>
  </process>
</deploy>
