<?xml version="1.0" encoding="UTF-8"?>
<!--
 ~ Copyright (c) WSO2 Inc. (http://www.wso2.org) All Rights Reserved.
 ~
 ~ Licensed under the Apache License, Version 2.0 (the "License");
 ~ you may not use this file except in compliance with the License.
 ~ You may obtain a copy of the License at
 ~
 ~      http://www.apache.org/licenses/LICENSE-2.0
 ~
 ~ Unless required by applicable law or agreed to in writing, software
 ~ distributed under the License is distributed on an "AS IS" BASIS,
 ~ WITHOUT WARRANTIES OR CONDITIONS OF ANY KIND, either express or implied.
 ~ See the License for the specific language governing permissions and
 ~ limitations under the License.
-->
<hic:HTDeploymentConfig xmlns:hic="http://wso2.org/ht/schema/deployment/config"
	xmlns:application="http://org.wso2.carbon/applications/"
	xmlns:applicationtask="http://org.wso2.carbon">
	<hic:task name="applicationtask:ApprovePubApplication">
		<hic:publish>
			<hic:service name="application:PublishAppService" port="PublishAppPort" />
		</hic:publish>
		<hic:callback>
			<hic:service name="application:PublishAppServiceCB" port="PublishAppPortCB" />
		</hic:callback>
	</hic:task>
</hic:HTDeploymentConfig>


